Employee_ID,Name,Department,Job_Title,Years_Experience,Annual_Salary,Certifications,Employee_Satisfaction_Score,Remote_Work_Eligibility
EMP001,Employee_244_B,Procurement,Financial Analyst,15,67728,CPA,7.4,Yes
EMP002,Employee_30_D,Grants Management,Financial Analyst,32,53589,None,8.2,No
EMP003,Employee_293_D,Payroll,Budget Manager,2,46775,CPA,7.2,No
EMP004,Employee_263_A,Payroll,Budget Manager,32,94799,CMA,7.5,Yes
EMP005,Employee_100_B,Accounts Payable,Procurement Officer,19,119496,CPA,7.3,No
EMP006,Employee_348_C,Budget Office,Financial Analyst,25,46509,CMA,7.7,No
EMP007,Employee_313_B,Grants Management,Budget Manager,28,54146,MBA,6.7,Yes
EMP008,Employee_15_C,Budget Office,Procurement Officer,23,107668,None,6.9,No
EMP009,Employee_232_B,Budget Office,Budget Manager,2,48430,CMA,8.4,No
EMP010,Employee_78_D,Procurement,Financial Analyst,10,90278,CMA,9.5,Yes
EMP011,Employee_73_D,Payroll,Financial Analyst,32,64087,MBA,8.5,Yes
EMP012,Employee_46_D,Procurement,Procurement Officer,10,84488,None,5.2,Yes
EMP013,Employee_384_B,Grants Management,Grants Specialist,21,56702,None,7.1,No
EMP014,Employee_374_A,Grants Management,Budget Manager,1,68214,None,8.1,No
EMP015,Employee_455_B,Grants Management,Budget Manager,23,80840,CFA,6.9,No
EMP016,Employee_238_C,Budget Office,Grants Specialist,24,86499,CPA,7.4,Yes
EMP017,Employee_240_D,Accounts Payable,Procurement Officer,5,113511,MBA,6.4,No
EMP018,Employee_20_C,Accounts Payable,Grants Specialist,3,63083,MBA,9.3,No
EMP019,Employee_386_C,Budget Office,Grants Specialist,33,71545,CPA,9,Yes
EMP020,Employee_155_D,Payroll,Grants Specialist,5,66736,CPA,7.8,No
EMP021,Employee_284_C,Accounts Payable,Financial Analyst,24,56179,CFA,6.4,No
EMP022,Employee_254_A,Accounts Payable,Grants Specialist,17,52827,None,4.9,Yes
EMP023,Employee_140_B,Procurement,Accountant,33,114927,None,6.3,No
EMP024,Employee_471_D,Payroll,Accountant,2,47910,CPA,7.8,Yes
EMP025,Employee_156_C,Accounts Payable,Financial Analyst,11,97306,CPA,6,No
EMP026,Employee_180_B,Grants Management,Grants Specialist,32,78543,CFA,7.8,Yes
EMP027,Employee_471_B,Procurement,Financial Analyst,17,92588,CFA,7.2,Yes
EMP028,Employee_254_B,Budget Office,Financial Analyst,34,86825,MBA,6.4,No
EMP029,Employee_287_D,Budget Office,Budget Manager,13,79556,CMA,7.4,Yes
EMP030,Employee_134_C,Grants Management,Procurement Officer,6,115504,None,5.4,No
EMP031,Employee_151_D,Procurement,Budget Manager,1,101610,MBA,8.9,No
EMP032,Employee_342_A,Payroll,Accountant,7,93599,MBA,8.2,Yes
EMP033,Employee_251_D,Procurement,Accountant,9,110620,CPA,7.7,No
EMP034,Employee_133_D,Accounts Payable,Financial Analyst,2,56334,MBA,8.4,Yes
EMP035,Employee_134_B,Budget Office,Grants Specialist,33,78970,CFA,7.2,No
EMP036,Employee_412_A,Procurement,Procurement Officer,28,85944,CFA,9.1,No
EMP037,Employee_40_B,Procurement,Accountant,3,83567,None,8.5,No
EMP038,Employee_281_B,Procurement,Grants Specialist,18,119081,CPA,6,Yes
EMP039,Employee_310_A,Accounts Payable,Accountant,22,69425,None,7.4,No
EMP040,Employee_62_B,Grants Management,Procurement Officer,10,97855,CPA,8.5,No
EMP041,Employee_282_D,Payroll,Grants Specialist,9,66464,CPA,9.3,No
EMP042,Employee_490_B,Accounts Payable,Accountant,25,75494,None,7.1,Yes
EMP043,Employee_190_A,Procurement,Procurement Officer,10,109746,CFA,8.2,No
EMP044,Employee_92_D,Procurement,Financial Analyst,19,55977,MBA,5.1,No
EMP045,Employee_291_D,Procurement,Accountant,30,80380,CPA,6.1,Yes
EMP046,Employee_228_A,Budget Office,Accountant,20,55508,CFA,8.5,Yes
EMP047,Employee_375_C,Procurement,Procurement Officer,25,86283,CFA,8.2,Yes
EMP048,Employee_489_B,Procurement,Budget Manager,4,75411,MBA,5.7,No
EMP049,Employee_273_A,Grants Management,Budget Manager,2,86243,CPA,4.7,Yes
EMP050,Employee_239_C,Payroll,Grants Specialist,27,52599,CMA,5.2,Yes
EMP051,Employee_158_D,Procurement,Budget Manager,9,79303,None,7,Yes
EMP052,Employee_404_D,Accounts Payable,Procurement Officer,9,83242,None,8.5,No
EMP053,Employee_269_B,Grants Management,Budget Manager,5,70064,MBA,8.8,No
EMP054,Employee_181_A,Grants Management,Procurement Officer,6,49034,CMA,7.2,No
EMP055,Employee_328_D,Budget Office,Procurement Officer,17,78797,CMA,6.5,Yes
EMP056,Employee_179_C,Procurement,Procurement Officer,16,83104,None,5.9,No
EMP057,Employee_113_A,Accounts Payable,Financial Analyst,3,94676,CMA,8.1,Yes
EMP058,Employee_272_A,Accounts Payable,Budget Manager,18,110473,CPA,8.3,Yes
EMP059,Employee_250_D,Payroll,Grants Specialist,11,94998,MBA,7,No
EMP060,Employee_50_D,Payroll,Accountant,10,101099,None,7.8,No
EMP061,Employee_209_C,Budget Office,Grants Specialist,19,97846,CPA,7.7,Yes
EMP062,Employee_455_D,Payroll,Procurement Officer,1,79914,CFA,6.8,Yes
EMP063,Employee_460_B,Accounts Payable,Procurement Officer,17,89123,CPA,8.1,Yes
EMP064,Employee_11_A,Budget Office,Grants Specialist,20,72968,None,5.8,Yes
EMP065,Employee_293_D,Accounts Payable,Procurement Officer,32,84816,CMA,7.8,No
EMP066,Employee_383_A,Payroll,Budget Manager,17,90823,CMA,8.2,Yes
EMP067,Employee_21_D,Grants Management,Financial Analyst,2,84779,MBA,6,No
EMP068,Employee_279_D,Grants Management,Financial Analyst,27,75006,CFA,6.9,Yes
EMP069,Employee_48_D,Procurement,Budget Manager,25,61083,None,8.1,No
EMP070,Employee_62_D,Accounts Payable,Procurement Officer,4,74169,CMA,6.7,Yes
EMP071,Employee_398_C,Accounts Payable,Procurement Officer,3,68261,CPA,7.3,No
EMP072,Employee_206_C,Procurement,Grants Specialist,8,80023,None,6,Yes
EMP073,Employee_381_B,Procurement,Accountant,14,114568,CPA,8.4,No
EMP074,Employee_428_C,Budget Office,Accountant,23,53819,CMA,7.7,Yes
EMP075,Employee_106_A,Accounts Payable,Budget Manager,34,85468,None,5,No
EMP076,Employee_77_A,Procurement,Procurement Officer,31,62192,CMA,7.5,Yes
EMP077,Employee_39_B,Payroll,Budget Manager,24,114424,MBA,5.4,No
EMP078,Employee_161_B,Budget Office,Budget Manager,18,73253,CPA,8.1,Yes
EMP079,Employee_83_D,Accounts Payable,Procurement Officer,11,72013,None,6,No
EMP080,Employee_13_A,Budget Office,Financial Analyst,35,88062,CFA,5.7,Yes
EMP081,Employee_165_B,Grants Management,Budget Manager,11,117805,CMA,7.6,No
EMP082,Employee_216_A,Grants Management,Financial Analyst,25,115177,CMA,6.3,No
EMP083,Employee_465_B,Payroll,Grants Specialist,10,70468,CFA,9.2,Yes
EMP084,Employee_9_A,Payroll,Financial Analyst,2,81269,CMA,5.6,No
EMP085,Employee_170_B,Accounts Payable,Grants Specialist,12,75444,MBA,7.3,Yes
EMP086,Employee_208_D,Budget Office,Procurement Officer,29,80931,None,7.6,No
EMP087,Employee_321_B,Grants Management,Accountant,25,101700,CPA,7.4,Yes
EMP088,Employee_164_A,Procurement,Procurement Officer,35,65341,MBA,5.7,No
EMP089,Employee_85_B,Grants Management,Budget Manager,16,75967,CFA,4.9,No
EMP090,Employee_223_C,Budget Office,Grants Specialist,18,75912,None,8.2,Yes
EMP091,Employee_419_A,Accounts Payable,Budget Manager,11,93981,CMA,6,Yes
EMP092,Employee_24_C,Accounts Payable,Budget Manager,14,94702,MBA,7.7,Yes
EMP093,Employee_448_D,Procurement,Accountant,18,87378,CMA,6.8,No
EMP094,Employee_1_B,Procurement,Procurement Officer,28,69292,CFA,6.5,No
EMP095,Employee_342_A,Accounts Payable,Grants Specialist,26,115557,CFA,6.5,No
EMP096,Employee_3_C,Accounts Payable,Procurement Officer,32,95166,MBA,5.5,No
EMP097,Employee_427_B,Accounts Payable,Budget Manager,15,65519,MBA,8.6,Yes
EMP098,Employee_104_C,Payroll,Procurement Officer,34,69463,CFA,6.2,No
EMP099,Employee_351_B,Grants Management,Budget Manager,30,84436,None,5.6,Yes
EMP100,Employee_283_D,Accounts Payable,Grants Specialist,28,59863,CPA,6.6,Yes
EMP101,Employee_212_A,Payroll,Financial Analyst,34,103696,CPA,8.4,Yes
EMP102,Employee_219_C,Accounts Payable,Financial Analyst,12,80078,CPA,8.1,No
EMP103,Employee_297_D,Payroll,Grants Specialist,22,78596,None,6.9,No
EMP104,Employee_313_A,Payroll,Accountant,35,75261,None,8.2,Yes
EMP105,Employee_122_C,Procurement,Budget Manager,8,96897,None,7.2,Yes
EMP106,Employee_465_A,Procurement,Procurement Officer,26,93861,CPA,6,Yes
EMP107,Employee_189_A,Grants Management,Budget Manager,2,83000,CPA,7,No
EMP108,Employee_300_D,Procurement,Accountant,15,57321,CPA,8.2,Yes
EMP109,Employee_377_C,Budget Office,Accountant,19,88348,CMA,6,Yes
EMP110,Employee_215_B,Accounts Payable,Procurement Officer,28,118879,MBA,5.7,Yes
EMP111,Employee_408_A,Procurement,Accountant,16,82716,CPA,7.9,No
EMP112,Employee_238_A,Procurement,Grants Specialist,33,53075,MBA,8.1,Yes
EMP113,Employee_377_B,Grants Management,Grants Specialist,30,117904,CPA,5.8,No
EMP114,Employee_305_A,Grants Management,Budget Manager,10,52164,None,5.9,No
EMP115,Employee_312_D,Payroll,Procurement Officer,29,111132,MBA,8.5,No
EMP116,Employee_162_A,Budget Office,Financial Analyst,29,58641,CPA,5.7,Yes
EMP117,Employee_241_C,Grants Management,Accountant,34,59003,CPA,6.9,Yes
EMP118,Employee_320_B,Grants Management,Budget Manager,17,114742,CPA,6.1,Yes
EMP119,Employee_314_B,Payroll,Accountant,1,96567,CPA,6.5,No
EMP120,Employee_354_A,Budget Office,Procurement Officer,23,84954,CMA,5.9,Yes
EMP121,Employee_316_C,Grants Management,Grants Specialist,29,70001,CFA,9.3,No
EMP122,Employee_115_A,Payroll,Accountant,30,61070,CPA,7.8,No
EMP123,Employee_236_B,Payroll,Grants Specialist,17,72069,MBA,6.9,No
EMP124,Employee_187_C,Procurement,Budget Manager,33,79051,MBA,4.3,No
EMP125,Employee_88_C,Budget Office,Financial Analyst,19,106681,CMA,8.7,Yes
EMP126,Employee_88_D,Grants Management,Budget Manager,15,113157,MBA,8.1,No
EMP127,Employee_456_C,Budget Office,Procurement Officer,32,108103,CFA,6.1,No
EMP128,Employee_326_D,Budget Office,Financial Analyst,1,46446,MBA,8.2,Yes
EMP129,Employee_406_D,Grants Management,Grants Specialist,34,60236,MBA,8.6,Yes
EMP130,Employee_343_C,Payroll,Grants Specialist,26,93381,MBA,8.7,Yes
EMP131,Employee_127_C,Procurement,Grants Specialist,28,48597,CPA,5.4,Yes
EMP132,Employee_336_B,Procurement,Accountant,2,74467,None,6.7,Yes
EMP133,Employee_81_D,Payroll,Financial Analyst,3,93483,CMA,7.3,No
EMP134,Employee_446_D,Budget Office,Budget Manager,20,73568,MBA,8.3,Yes
EMP135,Employee_173_D,Accounts Payable,Budget Manager,15,93147,None,8,Yes
EMP136,Employee_274_B,Payroll,Budget Manager,34,71431,CMA,7.9,No
EMP137,Employee_377_A,Accounts Payable,Financial Analyst,22,103582,None,5.6,Yes
EMP138,Employee_453_A,Grants Management,Accountant,4,79288,None,5.9,Yes
EMP139,Employee_101_B,Payroll,Procurement Officer,9,62436,CMA,4.8,Yes
EMP140,Employee_352_D,Procurement,Financial Analyst,27,99154,MBA,7,No
EMP141,Employee_360_C,Budget Office,Grants Specialist,9,112952,None,7.8,No
EMP142,Employee_344_D,Accounts Payable,Financial Analyst,5,108066,CFA,8.1,Yes
EMP143,Employee_150_D,Payroll,Procurement Officer,22,50739,CMA,5.2,No
EMP144,Employee_288_B,Payroll,Accountant,35,67852,CFA,7.3,No
EMP145,Employee_191_D,Grants Management,Financial Analyst,24,86939,CMA,7.1,Yes
EMP146,Employee_66_C,Accounts Payable,Financial Analyst,32,76088,None,7.6,No
EMP147,Employee_166_B,Grants Management,Budget Manager,11,109242,CPA,6.5,No
EMP148,Employee_236_B,Accounts Payable,Procurement Officer,30,61343,MBA,7.7,Yes
EMP149,Employee_343_A,Budget Office,Grants Specialist,11,79180,None,5.1,Yes
EMP150,Employee_206_D,Accounts Payable,Grants Specialist,7,51191,CFA,8.8,Yes
EMP151,Employee_167_A,Payroll,Procurement Officer,25,83170,MBA,8.3,No
EMP152,Employee_100_A,Procurement,Procurement Officer,25,57191,MBA,8,No
EMP153,Employee_346_A,Budget Office,Grants Specialist,8,105244,CFA,9.7,No
EMP154,Employee_306_C,Payroll,Grants Specialist,4,115800,CPA,8,Yes
EMP155,Employee_17_A,Payroll,Accountant,30,56266,CMA,6.2,Yes
EMP156,Employee_349_A,Procurement,Financial Analyst,12,87103,CFA,6.3,No
EMP157,Employee_443_C,Budget Office,Budget Manager,17,89281,CPA,7.5,Yes
EMP158,Employee_384_B,Grants Management,Accountant,15,60020,CMA,6.6,Yes
EMP159,Employee_100_A,Budget Office,Procurement Officer,34,114357,CPA,8.8,No
EMP160,Employee_151_C,Accounts Payable,Grants Specialist,17,50037,CPA,5.6,No
EMP161,Employee_205_A,Payroll,Budget Manager,30,70859,MBA,6.6,No
EMP162,Employee_90_B,Grants Management,Accountant,25,89563,MBA,6.6,Yes
EMP163,Employee_103_C,Accounts Payable,Procurement Officer,25,56270,CMA,9.2,No
EMP164,Employee_340_D,Procurement,Financial Analyst,19,70949,CMA,9.5,No
EMP165,Employee_92_D,Procurement,Budget Manager,25,63250,MBA,4.3,No
EMP166,Employee_368_D,Accounts Payable,Grants Specialist,26,68027,CMA,7.7,Yes
EMP167,Employee_445_A,Accounts Payable,Grants Specialist,26,111568,CMA,8.5,Yes
EMP168,Employee_472_D,Payroll,Accountant,20,67879,CMA,7.9,No
EMP169,Employee_323_A,Payroll,Budget Manager,6,89601,None,8.1,Yes
EMP170,Employee_415_C,Payroll,Procurement Officer,11,84662,CFA,9.3,No
EMP171,Employee_417_D,Accounts Payable,Grants Specialist,11,99982,CFA,4.5,Yes
EMP172,Employee_146_A,Payroll,Grants Specialist,16,45767,CFA,8.6,Yes
EMP173,Employee_257_B,Grants Management,Accountant,23,47521,CFA,7.8,Yes
EMP174,Employee_206_D,Payroll,Procurement Officer,15,50051,MBA,9.3,No
EMP175,Employee_23_D,Procurement,Financial Analyst,21,56015,CPA,8.8,Yes
EMP176,Employee_79_B,Procurement,Accountant,16,100016,CFA,6.9,No
EMP177,Employee_346_D,Accounts Payable,Budget Manager,9,119501,MBA,8.1,No
EMP178,Employee_500_D,Payroll,Accountant,3,90728,MBA,5.9,Yes
EMP179,Employee_417_C,Payroll,Procurement Officer,2,58993,MBA,7.3,Yes
EMP180,Employee_312_D,Accounts Payable,Procurement Officer,9,96921,CFA,8.6,Yes
EMP181,Employee_239_D,Accounts Payable,Grants Specialist,34,98096,CPA,8.9,No
EMP182,Employee_418_B,Grants Management,Budget Manager,9,73364,None,6.5,No
EMP183,Employee_250_B,Procurement,Grants Specialist,24,79738,CMA,7.7,No
EMP184,Employee_499_C,Grants Management,Accountant,14,98168,CFA,7.6,Yes
EMP185,Employee_141_B,Grants Management,Grants Specialist,35,53900,CPA,8.2,No
EMP186,Employee_412_D,Payroll,Grants Specialist,19,50191,CFA,7.4,No
EMP187,Employee_281_B,Procurement,Grants Specialist,19,90488,MBA,8.9,No
EMP188,Employee_168_B,Accounts Payable,Procurement Officer,28,96223,CMA,7,Yes
EMP189,Employee_134_D,Budget Office,Procurement Officer,18,111528,CPA,6.4,Yes
EMP190,Employee_65_C,Payroll,Budget Manager,35,94990,CMA,7.2,No
EMP191,Employee_206_A,Budget Office,Financial Analyst,24,82439,None,9.2,No
EMP192,Employee_394_B,Procurement,Grants Specialist,30,60000,None,6.1,Yes
EMP193,Employee_358_D,Payroll,Financial Analyst,5,102537,CFA,7.6,No
EMP194,Employee_371_B,Accounts Payable,Accountant,30,89994,CMA,7.1,Yes
EMP195,Employee_155_C,Budget Office,Financial Analyst,35,53818,CFA,7.7,Yes
EMP196,Employee_192_A,Payroll,Grants Specialist,9,110452,MBA,9,Yes
EMP197,Employee_461_D,Budget Office,Grants Specialist,28,111221,CPA,8.5,Yes
EMP198,Employee_292_C,Procurement,Financial Analyst,34,114889,CPA,8.8,Yes
EMP199,Employee_169_D,Accounts Payable,Accountant,13,110441,CPA,7.7,Yes
EMP200,Employee_10_C,Payroll,Financial Analyst,30,117469,CMA,7.1,No
